推广创意,ID,推广计划,推广单元,计划类型,状态,创意图片,商品SKU,落地页地址,到期时间,创意尺寸,展现数,点击数,点击率(%),总费用,千次展现成本,平均点击成本,直接订单行,直接订单金额,间接订单行,间接订单金额,总订单行,总订单金额,直接购物车数,间接购物车数,总购物车数,转化率(%),ROI,CPA,资源位,
10023409192219-音箱/音响,3716547336,小米音箱,小米音箱,商品,有效,jfs/t1/165656/17/11507/80223/604977ccE9781b223/5e872b32ce6c3c62.jpg,10023409192219,https://item.jd.com/10023409192219.html,不限,350×350,718,19,2.65,13.77,19.18,0.72,0,0.00,0,0.00,0,0.00,1,0,1,0.00,0.00,0.00,汇总,
10023409192219-音箱/音响,3716547336,小米音箱,小米音箱,商品,有效,jfs/t1/165656/17/11507/80223/604977ccE9781b223/5e872b32ce6c3c62.jpg,10023409192219,https://item.jd.com/10023409192219.html,不限,350×350,9,0,0.00,0.00,0.00,0.00,0,0.00,0,0.00,0,0.00,0,0,0,0.00,0.00,0.00,推荐,
10023409192219-音箱/音响,3716547336,小米音箱,小米音箱,商品,有效,jfs/t1/165656/17/11507/80223/604977ccE9781b223/5e872b32ce6c3c62.jpg,10023409192219,https://item.jd.com/10023409192219.html,不限,350×350,79,2,2.53,1.51,19.11,0.76,0,0.00,0,0.00,0,0.00,0,0,0,0.00,0.00,0.00,搜索,
10023409192219-音箱/音响,3716547336,小米音箱,小米音箱,商品,有效,jfs/t1/165656/17/11507/80223/604977ccE9781b223/5e872b32ce6c3c62.jpg,10023409192219,https://item.jd.com/10023409192219.html,不限,350×350,630,17,2.70,12.26,19.46,0.72,0,0.00,0,0.00,0,0.00,1,0,1,0.00,0.00,0.00,商品,
10028575457533-智能手表,3692400153,华米手表GTR2,华米手表,商品,有效,jfs/t1/176320/6/5508/134412/607e6366E9d08fec1/eefe5420974fb03b.jpg,10028575457533,https://item.jd.com/10028575457533.html,不限,350×350,563,14,2.49,7.65,13.59,0.55,0,0.00,0,0.00,0,0.00,1,1,2,0.00,0.00,0.00,汇总,
10028575457533-智能手表,3692400153,华米手表GTR2,华米手表,商品,有效,jfs/t1/176320/6/5508/134412/607e6366E9d08fec1/eefe5420974fb03b.jpg,10028575457533,https://item.jd.com/10028575457533.html,不限,350×350,290,5,1.72,2.44,8.41,0.49,0,0.00,0,0.00,0,0.00,0,0,0,0.00,0.00,0.00,推荐,
10028575457533-智能手表,3692400153,华米手表GTR2,华米手表,商品,有效,jfs/t1/176320/6/5508/134412/607e6366E9d08fec1/eefe5420974fb03b.jpg,10028575457533,https://item.jd.com/10028575457533.html,不限,350×350,72,3,4.17,1.13,15.69,0.38,0,0.00,0,0.00,0,0.00,0,0,0,0.00,0.00,0.00,搜索,
10028575457533-智能手表,3692400153,华米手表GTR2,华米手表,商品,有效,jfs/t1/176320/6/5508/134412/607e6366E9d08fec1/eefe5420974fb03b.jpg,10028575457533,https://item.jd.com/10028575457533.html,不限,350×350,201,6,2.99,4.08,20.30,0.68,0,0.00,0,0.00,0,0.00,1,1,2,0.00,0.00,0.00,商品,
10029658591368-智能手表,3692400152,华米手表GTR2,华米手表,商品,有效,jfs/t1/176794/2/200/144430/607f90e7Eb40eefb6/276c05e860151146.jpg,10029658591368,https://item.jd.com/10029658591368.html,不限,350×350,186,4,2.15,2.84,15.27,0.71,0,0.00,1,999.00,1,999.00,0,1,1,25.00,351.76,2.84,汇总,
10029658591368-智能手表,3692400152,华米手表GTR2,华米手表,商品,有效,jfs/t1/176794/2/200/144430/607f90e7Eb40eefb6/276c05e860151146.jpg,10029658591368,https://item.jd.com/10029658591368.html,不限,350×350,127,0,0.00,0.00,0.00,0.00,0,0.00,0,0.00,0,0.00,0,0,0,0.00,0.00,0.00,推荐,
10029658591368-智能手表,3692400152,华米手表GTR2,华米手表,商品,有效,jfs/t1/176794/2/200/144430/607f90e7Eb40eefb6/276c05e860151146.jpg,10029658591368,https://item.jd.com/10029658591368.html,不限,350×350,3,0,0.00,0.00,0.00,0.00,0,0.00,0,0.00,0,0.00,0,0,0,0.00,0.00,0.00,搜索,
10029658591368-智能手表,3692400152,华米手表GTR2,华米手表,商品,有效,jfs/t1/176794/2/200/144430/607f90e7Eb40eefb6/276c05e860151146.jpg,10029658591368,https://item.jd.com/10029658591368.html,不限,350×350,56,4,7.14,2.84,50.71,0.71,0,0.00,1,999.00,1,999.00,0,1,1,25.00,351.76,2.84,商品,
71816873169-智能手表,3674867315,华为手表GT2,华为手表GT2,商品,暂停,jfs/t1/174815/38/5281/168782/607d3497E6a3fb87b/73b09fd0a26045c7.jpg,71816873169,https://item.jd.com/71816873169.html,不限,350×350,0,0,0.00,0.00,0.00,0.00,0,0.00,0,0.00,0,0.00,0,0,0,0.00,0.00,0.00,汇总,
71816873169-智能手表,3674867315,华为手表GT2,华为手表GT2,商品,暂停,jfs/t1/174815/38/5281/168782/607d3497E6a3fb87b/73b09fd0a26045c7.jpg,71816873169,https://item.jd.com/71816873169.html,不限,350×350,0,0,0.00,0.00,0.00,0.00,0,0.00,0,0.00,0,0.00,0,0,0,0.00,0.00,0.00,推荐,
71816873169-智能手表,3674867315,华为手表GT2,华为手表GT2,商品,暂停,jfs/t1/174815/38/5281/168782/607d3497E6a3fb87b/73b09fd0a26045c7.jpg,71816873169,https://item.jd.com/71816873169.html,不限,350×350,0,0,0.00,0.00,0.00,0.00,0,0.00,0,0.00,0,0.00,0,0,0,0.00,0.00,0.00,搜索,
71816873169-智能手表,3674867315,华为手表GT2,华为手表GT2,商品,暂停,jfs/t1/174815/38/5281/168782/607d3497E6a3fb87b/73b09fd0a26045c7.jpg,71816873169,https://item.jd.com/71816873169.html,不限,350×350,0,0,0.00,0.00,0.00,0.00,0,0.00,0,0.00,0,0.00,0,0,0,0.00,0.00,0.00,商品,
71816873167-智能手表,3674867313,华为手表GT2,华为手表GT2,商品,有效,jfs/t1/175856/30/6501/172629/6084fb74Ef4376122/83a0a960ad28855d.jpg,71816873167,https://item.jd.com/71816873167.html,不限,350×350,3527,193,5.47,119.58,33.90,0.62,0,0.00,2,2976.00,2,2976.00,9,4,13,1.04,24.89,59.79,汇总,
71816873167-智能手表,3674867313,华为手表GT2,华为手表GT2,商品,有效,jfs/t1/175856/30/6501/172629/6084fb74Ef4376122/83a0a960ad28855d.jpg,71816873167,https://item.jd.com/71816873167.html,不限,350×350,0,0,0.00,0.00,0.00,0.00,0,0.00,0,0.00,0,0.00,0,0,0,0.00,0.00,0.00,推荐,
71816873167-智能手表,3674867313,华为手表GT2,华为手表GT2,商品,有效,jfs/t1/175856/30/6501/172629/6084fb74Ef4376122/83a0a960ad28855d.jpg,71816873167,https://item.jd.com/71816873167.html,不限,350×350,1147,83,7.24,58.45,50.96,0.70,0,0.00,2,2976.00,2,2976.00,6,4,10,2.41,50.92,29.23,搜索,
71816873167-智能手表,3674867313,华为手表GT2,华为手表GT2,商品,有效,jfs/t1/175856/30/6501/172629/6084fb74Ef4376122/83a0a960ad28855d.jpg,71816873167,https://item.jd.com/71816873167.html,不限,350×350,2380,110,4.62,61.13,25.68,0.56,0,0.00,0,0.00,0,0.00,3,0,3,0.00,0.00,0.00,商品,
71816873165-智能手表-copy-copy,3674858940,华为手表GT2,华为手表GT2,商品,有效,jfs/t1/171829/31/6451/171227/6084fb53E0cfff3f0/e2394d2bed409dd9.jpg,71816873165,https://item.jd.com/71816873165.html,不限,350×350,4784,359,7.50,337.04,70.45,0.94,8,11904.00,3,9595.00,11,21499.00,30,9,39,3.06,63.79,30.64,汇总,
71816873165-智能手表-copy-copy,3674858940,华为手表GT2,华为手表GT2,商品,有效,jfs/t1/171829/31/6451/171227/6084fb53E0cfff3f0/e2394d2bed409dd9.jpg,71816873165,https://item.jd.com/71816873165.html,不限,350×350,0,0,0.00,0.00,0.00,0.00,0,0.00,0,0.00,0,0.00,0,0,0,0.00,0.00,0.00,推荐,
71816873165-智能手表-copy-copy,3674858940,华为手表GT2,华为手表GT2,商品,有效,jfs/t1/171829/31/6451/171227/6084fb53E0cfff3f0/e2394d2bed409dd9.jpg,71816873165,https://item.jd.com/71816873165.html,不限,350×350,1457,203,13.93,251.64,172.71,1.24,4,5952.00,3,9595.00,7,15547.00,17,7,24,3.45,61.78,35.95,搜索,
71816873165-智能手表-copy-copy,3674858940,华为手表GT2,华为手表GT2,商品,有效,jfs/t1/171829/31/6451/171227/6084fb53E0cfff3f0/e2394d2bed409dd9.jpg,71816873165,https://item.jd.com/71816873165.html,不限,350×350,3327,156,4.69,85.40,25.67,0.55,4,5952.00,0,0.00,4,5952.00,13,2,15,2.56,69.70,21.35,商品,
10029156564195-智能手环,3624480360,华为手环6,华为手环6,商品,有效,jfs/t1/152761/31/11781/120245/6073a3b7E1f2d4738/9ec5983807410551.jpg,10029156564195,https://item.jd.com/10029156564195.html,不限,350×350,0,0,0.00,0.00,0.00,0.00,0,0.00,0,0.00,0,0.00,0,0,0,0.00,0.00,0.00,汇总,
10029156564195-智能手环,3624480360,华为手环6,华为手环6,商品,有效,jfs/t1/152761/31/11781/120245/6073a3b7E1f2d4738/9ec5983807410551.jpg,10029156564195,https://item.jd.com/10029156564195.html,不限,350×350,0,0,0.00,0.00,0.00,0.00,0,0.00,0,0.00,0,0.00,0,0,0,0.00,0.00,0.00,推荐,
10029156564195-智能手环,3624480360,华为手环6,华为手环6,商品,有效,jfs/t1/152761/31/11781/120245/6073a3b7E1f2d4738/9ec5983807410551.jpg,10029156564195,https://item.jd.com/10029156564195.html,不限,350×350,0,0,0.00,0.00,0.00,0.00,0,0.00,0,0.00,0,0.00,0,0,0,0.00,0.00,0.00,搜索,
10029156564195-智能手环,3624480360,华为手环6,华为手环6,商品,有效,jfs/t1/152761/31/11781/120245/6073a3b7E1f2d4738/9ec5983807410551.jpg,10029156564195,https://item.jd.com/10029156564195.html,不限,350×350,0,0,0.00,0.00,0.00,0.00,0,0.00,0,0.00,0,0.00,0,0,0,0.00,0.00,0.00,商品,
10029156564196-智能手环,3624480358,华为手环6,华为手环6,商品,有效,jfs/t1/152761/31/11781/120245/6073a3b7E1f2d4738/9ec5983807410551.jpg,10029156564196,https://item.jd.com/10029156564196.html,不限,350×350,0,0,0.00,0.00,0.00,0.00,0,0.00,0,0.00,0,0.00,0,0,0,0.00,0.00,0.00,汇总,
10029156564196-智能手环,3624480358,华为手环6,华为手环6,商品,有效,jfs/t1/152761/31/11781/120245/6073a3b7E1f2d4738/9ec5983807410551.jpg,10029156564196,https://item.jd.com/10029156564196.html,不限,350×350,0,0,0.00,0.00,0.00,0.00,0,0.00,0,0.00,0,0.00,0,0,0,0.00,0.00,0.00,推荐,
10029156564196-智能手环,3624480358,华为手环6,华为手环6,商品,有效,jfs/t1/152761/31/11781/120245/6073a3b7E1f2d4738/9ec5983807410551.jpg,10029156564196,https://item.jd.com/10029156564196.html,不限,350×350,0,0,0.00,0.00,0.00,0.00,0,0.00,0,0.00,0,0.00,0,0,0,0.00,0.00,0.00,搜索,
10029156564196-智能手环,3624480358,华为手环6,华为手环6,商品,有效,jfs/t1/152761/31/11781/120245/6073a3b7E1f2d4738/9ec5983807410551.jpg,10029156564196,https://item.jd.com/10029156564196.html,不限,350×350,0,0,0.00,0.00,0.00,0.00,0,0.00,0,0.00,0,0.00,0,0,0,0.00,0.00,0.00,商品,
10029156564197-智能手环,3624480357,华为手环6,华为手环6,商品,有效,jfs/t1/152761/31/11781/120245/6073a3b7E1f2d4738/9ec5983807410551.jpg,10029156564197,https://item.jd.com/10029156564197.html,不限,350×350,0,0,0.00,0.00,0.00,0.00,0,0.00,0,0.00,0,0.00,0,0,0,0.00,0.00,0.00,汇总,
10029156564197-智能手环,3624480357,华为手环6,华为手环6,商品,有效,jfs/t1/152761/31/11781/120245/6073a3b7E1f2d4738/9ec5983807410551.jpg,10029156564197,https://item.jd.com/10029156564197.html,不限,350×350,0,0,0.00,0.00,0.00,0.00,0,0.00,0,0.00,0,0.00,0,0,0,0.00,0.00,0.00,推荐,
10029156564197-智能手环,3624480357,华为手环6,华为手环6,商品,有效,jfs/t1/152761/31/11781/120245/6073a3b7E1f2d4738/9ec5983807410551.jpg,10029156564197,https://item.jd.com/10029156564197.html,不限,350×350,0,0,0.00,0.00,0.00,0.00,0,0.00,0,0.00,0,0.00,0,0,0,0.00,0.00,0.00,搜索,
10029156564197-智能手环,3624480357,华为手环6,华为手环6,商品,有效,jfs/t1/152761/31/11781/120245/6073a3b7E1f2d4738/9ec5983807410551.jpg,10029156564197,https://item.jd.com/10029156564197.html,不限,350×350,0,0,0.00,0.00,0.00,0.00,0,0.00,0,0.00,0,0.00,0,0,0,0.00,0.00,0.00,商品,
10029156564198-智能手环,3624480355,华为手环6,华为手环6,商品,有效,jfs/t1/152761/31/11781/120245/6073a3b7E1f2d4738/9ec5983807410551.jpg,10029156564198,https://item.jd.com/10029156564198.html,不限,350×350,0,0,0.00,0.00,0.00,0.00,0,0.00,0,0.00,0,0.00,0,0,0,0.00,0.00,0.00,汇总,
10029156564198-智能手环,3624480355,华为手环6,华为手环6,商品,有效,jfs/t1/152761/31/11781/120245/6073a3b7E1f2d4738/9ec5983807410551.jpg,10029156564198,https://item.jd.com/10029156564198.html,不限,350×350,0,0,0.00,0.00,0.00,0.00,0,0.00,0,0.00,0,0.00,0,0,0,0.00,0.00,0.00,推荐,
10029156564198-智能手环,3624480355,华为手环6,华为手环6,商品,有效,jfs/t1/152761/31/11781/120245/6073a3b7E1f2d4738/9ec5983807410551.jpg,10029156564198,https://item.jd.com/10029156564198.html,不限,350×350,0,0,0.00,0.00,0.00,0.00,0,0.00,0,0.00,0,0.00,0,0,0,0.00,0.00,0.00,搜索,
10029156564198-智能手环,3624480355,华为手环6,华为手环6,商品,有效,jfs/t1/152761/31/11781/120245/6073a3b7E1f2d4738/9ec5983807410551.jpg,10029156564198,https://item.jd.com/10029156564198.html,不限,350×350,0,0,0.00,0.00,0.00,0.00,0,0.00,0,0.00,0,0.00,0,0,0,0.00,0.00,0.00,商品,
10023598620632-智能手环,3596599576,华为手环B6,华为手环B6,商品,有效,jfs/t1/158865/14/16407/170497/6066ec81Ef8308730/63441d8174719236.jpg,10023598620632,https://item.jd.com/10023598620632.html,不限,350×350,4,0,0.00,0.00,0.00,0.00,0,0.00,0,0.00,0,0.00,0,0,0,0.00,0.00,0.00,汇总,
10023598620632-智能手环,3596599576,华为手环B6,华为手环B6,商品,有效,jfs/t1/158865/14/16407/170497/6066ec81Ef8308730/63441d8174719236.jpg,10023598620632,https://item.jd.com/10023598620632.html,不限,350×350,0,0,0.00,0.00,0.00,0.00,0,0.00,0,0.00,0,0.00,0,0,0,0.00,0.00,0.00,推荐,
10023598620632-智能手环,3596599576,华为手环B6,华为手环B6,商品,有效,jfs/t1/158865/14/16407/170497/6066ec81Ef8308730/63441d8174719236.jpg,10023598620632,https://item.jd.com/10023598620632.html,不限,350×350,3,0,0.00,0.00,0.00,0.00,0,0.00,0,0.00,0,0.00,0,0,0,0.00,0.00,0.00,搜索,
10023598620632-智能手环,3596599576,华为手环B6,华为手环B6,商品,有效,jfs/t1/158865/14/16407/170497/6066ec81Ef8308730/63441d8174719236.jpg,10023598620632,https://item.jd.com/10023598620632.html,不限,350×350,1,0,0.00,0.00,0.00,0.00,0,0.00,0,0.00,0,0.00,0,0,0,0.00,0.00,0.00,商品,
10023598620633-智能手环,3596599573,华为手环B6,华为手环B6,商品,有效,jfs/t1/167405/36/17660/168037/6066ec89E6bb8d98e/50c4eef5a6cee410.jpg,10023598620633,https://item.jd.com/10023598620633.html,不限,350×350,239,8,3.35,8.16,34.14,1.02,0,0.00,0,0.00,0,0.00,0,0,0,0.00,0.00,0.00,汇总,
10023598620633-智能手环,3596599573,华为手环B6,华为手环B6,商品,有效,jfs/t1/167405/36/17660/168037/6066ec89E6bb8d98e/50c4eef5a6cee410.jpg,10023598620633,https://item.jd.com/10023598620633.html,不限,350×350,9,0,0.00,0.00,0.00,0.00,0,0.00,0,0.00,0,0.00,0,0,0,0.00,0.00,0.00,推荐,
10023598620633-智能手环,3596599573,华为手环B6,华为手环B6,商品,有效,jfs/t1/167405/36/17660/168037/6066ec89E6bb8d98e/50c4eef5a6cee410.jpg,10023598620633,https://item.jd.com/10023598620633.html,不限,350×350,200,6,3.00,6.94,34.70,1.16,0,0.00,0,0.00,0,0.00,0,0,0,0.00,0.00,0.00,搜索,
10023598620633-智能手环,3596599573,华为手环B6,华为手环B6,商品,有效,jfs/t1/167405/36/17660/168037/6066ec89E6bb8d98e/50c4eef5a6cee410.jpg,10023598620633,https://item.jd.com/10023598620633.html,不限,350×350,30,2,6.67,1.22,40.67,0.61,0,0.00,0,0.00,0,0.00,0,0,0,0.00,0.00,0.00,商品,
10023598620630-智能手环,3596599570,华为手环B6,华为手环B6,商品,有效,jfs/t1/160366/16/16191/164976/6066ec72Edb7cf461/0b59e5b0ce78e677.jpg,10023598620630,https://item.jd.com/10023598620630.html,不限,350×350,20,0,0.00,0.00,0.00,0.00,0,0.00,0,0.00,0,0.00,0,0,0,0.00,0.00,0.00,汇总,
10023598620630-智能手环,3596599570,华为手环B6,华为手环B6,商品,有效,jfs/t1/160366/16/16191/164976/6066ec72Edb7cf461/0b59e5b0ce78e677.jpg,10023598620630,https://item.jd.com/10023598620630.html,不限,350×350,0,0,0.00,0.00,0.00,0.00,0,0.00,0,0.00,0,0.00,0,0,0,0.00,0.00,0.00,推荐,
10023598620630-智能手环,3596599570,华为手环B6,华为手环B6,商品,有效,jfs/t1/160366/16/16191/164976/6066ec72Edb7cf461/0b59e5b0ce78e677.jpg,10023598620630,https://item.jd.com/10023598620630.html,不限,350×350,7,0,0.00,0.00,0.00,0.00,0,0.00,0,0.00,0,0.00,0,0,0,0.00,0.00,0.00,搜索,
10023598620630-智能手环,3596599570,华为手环B6,华为手环B6,商品,有效,jfs/t1/160366/16/16191/164976/6066ec72Edb7cf461/0b59e5b0ce78e677.jpg,10023598620630,https://item.jd.com/10023598620630.html,不限,350×350,13,0,0.00,0.00,0.00,0.00,0,0.00,0,0.00,0,0.00,0,0,0,0.00,0.00,0.00,商品,
10023598620631-智能手环,3596599568,华为手环B6,华为手环B6,商品,有效,jfs/t1/166320/36/16216/176248/6066ec7aE1c3bd923/a7c0d13dfb13af05.jpg,10023598620631,https://item.jd.com/10023598620631.html,不限,350×350,318,10,3.14,9.59,30.16,0.96,0,0.00,0,0.00,0,0.00,0,0,0,0.00,0.00,0.00,汇总,
10023598620631-智能手环,3596599568,华为手环B6,华为手环B6,商品,有效,jfs/t1/166320/36/16216/176248/6066ec7aE1c3bd923/a7c0d13dfb13af05.jpg,10023598620631,https://item.jd.com/10023598620631.html,不限,350×350,1,0,0.00,0.00,0.00,0.00,0,0.00,0,0.00,0,0.00,0,0,0,0.00,0.00,0.00,推荐,
10023598620631-智能手环,3596599568,华为手环B6,华为手环B6,商品,有效,jfs/t1/166320/36/16216/176248/6066ec7aE1c3bd923/a7c0d13dfb13af05.jpg,10023598620631,https://item.jd.com/10023598620631.html,不限,350×350,285,8,2.81,8.28,29.05,1.04,0,0.00,0,0.00,0,0.00,0,0,0,0.00,0.00,0.00,搜索,
10023598620631-智能手环,3596599568,华为手环B6,华为手环B6,商品,有效,jfs/t1/166320/36/16216/176248/6066ec7aE1c3bd923/a7c0d13dfb13af05.jpg,10023598620631,https://item.jd.com/10023598620631.html,不限,350×350,32,2,6.25,1.31,40.94,0.66,0,0.00,0,0.00,0,0.00,0,0,0,0.00,0.00,0.00,商品,
10023598620629-智能手环,3596599565,华为手环B6,华为手环B6,商品,有效,jfs/t1/166226/9/16059/162150/6066ec6cE01a59ecf/f62cd238c4c663f1.jpg,10023598620629,https://item.jd.com/10023598620629.html,不限,350×350,111,0,0.00,0.00,0.00,0.00,0,0.00,0,0.00,0,0.00,0,0,0,0.00,0.00,0.00,汇总,
10023598620629-智能手环,3596599565,华为手环B6,华为手环B6,商品,有效,jfs/t1/166226/9/16059/162150/6066ec6cE01a59ecf/f62cd238c4c663f1.jpg,10023598620629,https://item.jd.com/10023598620629.html,不限,350×350,13,0,0.00,0.00,0.00,0.00,0,0.00,0,0.00,0,0.00,0,0,0,0.00,0.00,0.00,推荐,
10023598620629-智能手环,3596599565,华为手环B6,华为手环B6,商品,有效,jfs/t1/166226/9/16059/162150/6066ec6cE01a59ecf/f62cd238c4c663f1.jpg,10023598620629,https://item.jd.com/10023598620629.html,不限,350×350,2,0,0.00,0.00,0.00,0.00,0,0.00,0,0.00,0,0.00,0,0,0,0.00,0.00,0.00,搜索,
10023598620629-智能手环,3596599565,华为手环B6,华为手环B6,商品,有效,jfs/t1/166226/9/16059/162150/6066ec6cE01a59ecf/f62cd238c4c663f1.jpg,10023598620629,https://item.jd.com/10023598620629.html,不限,350×350,96,0,0.00,0.00,0.00,0.00,0,0.00,0,0.00,0,0.00,0,0,0,0.00,0.00,0.00,商品,
10023869017108-智能手表,3484739451,华为GT2PRO,华为GT2pro,商品,有效,jfs/t1/162048/13/13762/161960/6053fcd2E2324da0d/62bd1bcddf411fea.jpg,10023869017108,https://item.jd.com/10023869017108.html,不限,350×350,182,5,2.75,2.96,16.26,0.59,0,0.00,0,0.00,0,0.00,0,1,1,0.00,0.00,0.00,汇总,
10023869017108-智能手表,3484739451,华为GT2PRO,华为GT2pro,商品,有效,jfs/t1/162048/13/13762/161960/6053fcd2E2324da0d/62bd1bcddf411fea.jpg,10023869017108,https://item.jd.com/10023869017108.html,不限,350×350,75,2,2.67,0.59,7.87,0.30,0,0.00,0,0.00,0,0.00,0,0,0,0.00,0.00,0.00,推荐,
10023869017108-智能手表,3484739451,华为GT2PRO,华为GT2pro,商品,有效,jfs/t1/162048/13/13762/161960/6053fcd2E2324da0d/62bd1bcddf411fea.jpg,10023869017108,https://item.jd.com/10023869017108.html,不限,350×350,97,3,3.09,2.37,24.43,0.79,0,0.00,0,0.00,0,0.00,0,1,1,0.00,0.00,0.00,搜索,
10023869017108-智能手表,3484739451,华为GT2PRO,华为GT2pro,商品,有效,jfs/t1/162048/13/13762/161960/6053fcd2E2324da0d/62bd1bcddf411fea.jpg,10023869017108,https://item.jd.com/10023869017108.html,不限,350×350,10,0,0.00,0.00,0.00,0.00,0,0.00,0,0.00,0,0.00,0,0,0,0.00,0.00,0.00,商品,
10023869017107-智能手表,3484739450,华为GT2PRO,华为GT2pro,商品,有效,jfs/t1/162303/11/13610/159706/60543180E84284044/b161cf4caa3dc637.jpg,10023869017107,https://item.jd.com/10023869017107.html,不限,350×350,1546,67,4.33,56.79,36.73,0.85,0,0.00,0,0.00,0,0.00,3,0,3,0.00,0.00,0.00,汇总,
10023869017107-智能手表,3484739450,华为GT2PRO,华为GT2pro,商品,有效,jfs/t1/162303/11/13610/159706/60543180E84284044/b161cf4caa3dc637.jpg,10023869017107,https://item.jd.com/10023869017107.html,不限,350×350,184,2,1.09,0.59,3.21,0.30,0,0.00,0,0.00,0,0.00,0,0,0,0.00,0.00,0.00,推荐,
10023869017107-智能手表,3484739450,华为GT2PRO,华为GT2pro,商品,有效,jfs/t1/162303/11/13610/159706/60543180E84284044/b161cf4caa3dc637.jpg,10023869017107,https://item.jd.com/10023869017107.html,不限,350×350,1231,61,4.96,54.79,44.51,0.90,0,0.00,0,0.00,0,0.00,3,0,3,0.00,0.00,0.00,搜索,
10023869017107-智能手表,3484739450,华为GT2PRO,华为GT2pro,商品,有效,jfs/t1/162303/11/13610/159706/60543180E84284044/b161cf4caa3dc637.jpg,10023869017107,https://item.jd.com/10023869017107.html,不限,350×350,131,4,3.05,1.41,10.76,0.35,0,0.00,0,0.00,0,0.00,0,0,0,0.00,0.00,0.00,商品,
10026523009294-智能手表,3484739449,华为GT2PRO,华为GT2pro,商品,有效,jfs/t1/163957/22/13337/166784/6053fcddE52f2d2d6/7d61c4bc0b4eca49.jpg,10026523009294,https://item.jd.com/10026523009294.html,不限,350×350,0,0,0.00,0.00,0.00,0.00,0,0.00,0,0.00,0,0.00,0,0,0,0.00,0.00,0.00,汇总,
10026523009294-智能手表,3484739449,华为GT2PRO,华为GT2pro,商品,有效,jfs/t1/163957/22/13337/166784/6053fcddE52f2d2d6/7d61c4bc0b4eca49.jpg,10026523009294,https://item.jd.com/10026523009294.html,不限,350×350,0,0,0.00,0.00,0.00,0.00,0,0.00,0,0.00,0,0.00,0,0,0,0.00,0.00,0.00,推荐,
10026523009294-智能手表,3484739449,华为GT2PRO,华为GT2pro,商品,有效,jfs/t1/163957/22/13337/166784/6053fcddE52f2d2d6/7d61c4bc0b4eca49.jpg,10026523009294,https://item.jd.com/10026523009294.html,不限,350×350,0,0,0.00,0.00,0.00,0.00,0,0.00,0,0.00,0,0.00,0,0,0,0.00,0.00,0.00,搜索,
10026523009294-智能手表,3484739449,华为GT2PRO,华为GT2pro,商品,有效,jfs/t1/163957/22/13337/166784/6053fcddE52f2d2d6/7d61c4bc0b4eca49.jpg,10026523009294,https://item.jd.com/10026523009294.html,不限,350×350,0,0,0.00,0.00,0.00,0.00,0,0.00,0,0.00,0,0.00,0,0,0,0.00,0.00,0.00,商品,
10027479841470-智能手表,3440872568,三星手表watch2,三星手表2,商品,有效,jfs/t1/168190/14/10764/109467/60473908Ec521c07e/4b9ee5a27bf93682.jpg,10027479841470,https://item.jd.com/10027479841470.html,不限,350×350,0,0,0.00,0.00,0.00,0.00,0,0.00,0,0.00,0,0.00,0,0,0,0.00,0.00,0.00,汇总,
10027479841470-智能手表,3440872568,三星手表watch2,三星手表2,商品,有效,jfs/t1/168190/14/10764/109467/60473908Ec521c07e/4b9ee5a27bf93682.jpg,10027479841470,https://item.jd.com/10027479841470.html,不限,350×350,0,0,0.00,0.00,0.00,0.00,0,0.00,0,0.00,0,0.00,0,0,0,0.00,0.00,0.00,推荐,
10027479841470-智能手表,3440872568,三星手表watch2,三星手表2,商品,有效,jfs/t1/168190/14/10764/109467/60473908Ec521c07e/4b9ee5a27bf93682.jpg,10027479841470,https://item.jd.com/10027479841470.html,不限,350×350,0,0,0.00,0.00,0.00,0.00,0,0.00,0,0.00,0,0.00,0,0,0,0.00,0.00,0.00,搜索,
10027479841470-智能手表,3440872568,三星手表watch2,三星手表2,商品,有效,jfs/t1/168190/14/10764/109467/60473908Ec521c07e/4b9ee5a27bf93682.jpg,10027479841470,https://item.jd.com/10027479841470.html,不限,350×350,0,0,0.00,0.00,0.00,0.00,0,0.00,0,0.00,0,0.00,0,0,0,0.00,0.00,0.00,商品,
10027479841471-智能手表,3440872567,三星手表watch2,三星手表2,商品,有效,jfs/t1/168190/14/10764/109467/60473908Ec521c07e/4b9ee5a27bf93682.jpg,10027479841471,https://item.jd.com/10027479841471.html,不限,350×350,0,0,0.00,0.00,0.00,0.00,0,0.00,0,0.00,0,0.00,0,0,0,0.00,0.00,0.00,汇总,
10027479841471-智能手表,3440872567,三星手表watch2,三星手表2,商品,有效,jfs/t1/168190/14/10764/109467/60473908Ec521c07e/4b9ee5a27bf93682.jpg,10027479841471,https://item.jd.com/10027479841471.html,不限,350×350,0,0,0.00,0.00,0.00,0.00,0,0.00,0,0.00,0,0.00,0,0,0,0.00,0.00,0.00,推荐,
10027479841471-智能手表,3440872567,三星手表watch2,三星手表2,商品,有效,jfs/t1/168190/14/10764/109467/60473908Ec521c07e/4b9ee5a27bf93682.jpg,10027479841471,https://item.jd.com/10027479841471.html,不限,350×350,0,0,0.00,0.00,0.00,0.00,0,0.00,0,0.00,0,0.00,0,0,0,0.00,0.00,0.00,搜索,
10027479841471-智能手表,3440872567,三星手表watch2,三星手表2,商品,有效,jfs/t1/168190/14/10764/109467/60473908Ec521c07e/4b9ee5a27bf93682.jpg,10027479841471,https://item.jd.com/10027479841471.html,不限,350×350,0,0,0.00,0.00,0.00,0.00,0,0.00,0,0.00,0,0.00,0,0,0,0.00,0.00,0.00,商品,
10027479841468-智能手表,3440872566,三星手表watch2,三星手表2,商品,有效,jfs/t1/166939/17/3560/108806/60473908E8e1a0eb4/4dddbf5384781ff6.jpg,10027479841468,https://item.jd.com/10027479841468.html,不限,350×350,0,0,0.00,0.00,0.00,0.00,0,0.00,0,0.00,0,0.00,0,0,0,0.00,0.00,0.00,汇总,
10027479841468-智能手表,3440872566,三星手表watch2,三星手表2,商品,有效,jfs/t1/166939/17/3560/108806/60473908E8e1a0eb4/4dddbf5384781ff6.jpg,10027479841468,https://item.jd.com/10027479841468.html,不限,350×350,0,0,0.00,0.00,0.00,0.00,0,0.00,0,0.00,0,0.00,0,0,0,0.00,0.00,0.00,推荐,
10027479841468-智能手表,3440872566,三星手表watch2,三星手表2,商品,有效,jfs/t1/166939/17/3560/108806/60473908E8e1a0eb4/4dddbf5384781ff6.jpg,10027479841468,https://item.jd.com/10027479841468.html,不限,350×350,0,0,0.00,0.00,0.00,0.00,0,0.00,0,0.00,0,0.00,0,0,0,0.00,0.00,0.00,搜索,
10027479841468-智能手表,3440872566,三星手表watch2,三星手表2,商品,有效,jfs/t1/166939/17/3560/108806/60473908E8e1a0eb4/4dddbf5384781ff6.jpg,10027479841468,https://item.jd.com/10027479841468.html,不限,350×350,0,0,0.00,0.00,0.00,0.00,0,0.00,0,0.00,0,0.00,0,0,0,0.00,0.00,0.00,商品,
10027479841469-智能手表,3440872565,三星手表watch2,三星手表2,商品,有效,jfs/t1/166939/17/3560/108806/60473908E8e1a0eb4/4dddbf5384781ff6.jpg,10027479841469,https://item.jd.com/10027479841469.html,不限,350×350,0,0,0.00,0.00,0.00,0.00,0,0.00,0,0.00,0,0.00,0,0,0,0.00,0.00,0.00,汇总,
10027479841469-智能手表,3440872565,三星手表watch2,三星手表2,商品,有效,jfs/t1/166939/17/3560/108806/60473908E8e1a0eb4/4dddbf5384781ff6.jpg,10027479841469,https://item.jd.com/10027479841469.html,不限,350×350,0,0,0.00,0.00,0.00,0.00,0,0.00,0,0.00,0,0.00,0,0,0,0.00,0.00,0.00,推荐,
10027479841469-智能手表,3440872565,三星手表watch2,三星手表2,商品,有效,jfs/t1/166939/17/3560/108806/60473908E8e1a0eb4/4dddbf5384781ff6.jpg,10027479841469,https://item.jd.com/10027479841469.html,不限,350×350,0,0,0.00,0.00,0.00,0.00,0,0.00,0,0.00,0,0.00,0,0,0,0.00,0.00,0.00,搜索,
10027479841469-智能手表,3440872565,三星手表watch2,三星手表2,商品,有效,jfs/t1/166939/17/3560/108806/60473908E8e1a0eb4/4dddbf5384781ff6.jpg,10027479841469,https://item.jd.com/10027479841469.html,不限,350×350,0,0,0.00,0.00,0.00,0.00,0,0.00,0,0.00,0,0.00,0,0,0,0.00,0.00,0.00,商品,
10027479841466-智能手表,3440872564,三星手表watch2,三星手表2,商品,有效,jfs/t1/168054/13/11302/111863/60473908E768598b7/d0b8925efc77dcd4.jpg,10027479841466,https://item.jd.com/10027479841466.html,不限,350×350,0,0,0.00,0.00,0.00,0.00,0,0.00,0,0.00,0,0.00,0,0,0,0.00,0.00,0.00,汇总,
10027479841466-智能手表,3440872564,三星手表watch2,三星手表2,商品,有效,jfs/t1/168054/13/11302/111863/60473908E768598b7/d0b8925efc77dcd4.jpg,10027479841466,https://item.jd.com/10027479841466.html,不限,350×350,0,0,0.00,0.00,0.00,0.00,0,0.00,0,0.00,0,0.00,0,0,0,0.00,0.00,0.00,推荐,
10027479841466-智能手表,3440872564,三星手表watch2,三星手表2,商品,有效,jfs/t1/168054/13/11302/111863/60473908E768598b7/d0b8925efc77dcd4.jpg,10027479841466,https://item.jd.com/10027479841466.html,不限,350×350,0,0,0.00,0.00,0.00,0.00,0,0.00,0,0.00,0,0.00,0,0,0,0.00,0.00,0.00,搜索,
10027479841466-智能手表,3440872564,三星手表watch2,三星手表2,商品,有效,jfs/t1/168054/13/11302/111863/60473908E768598b7/d0b8925efc77dcd4.jpg,10027479841466,https://item.jd.com/10027479841466.html,不限,350×350,0,0,0.00,0.00,0.00,0.00,0,0.00,0,0.00,0,0.00,0,0,0,0.00,0.00,0.00,商品,
10027479841467-智能手表,3440872563,三星手表watch2,三星手表2,商品,有效,jfs/t1/168054/13/11302/111863/60473908E768598b7/d0b8925efc77dcd4.jpg,10027479841467,https://item.jd.com/10027479841467.html,不限,350×350,0,0,0.00,0.00,0.00,0.00,0,0.00,0,0.00,0,0.00,0,0,0,0.00,0.00,0.00,汇总,
10027479841467-智能手表,3440872563,三星手表watch2,三星手表2,商品,有效,jfs/t1/168054/13/11302/111863/60473908E768598b7/d0b8925efc77dcd4.jpg,10027479841467,https://item.jd.com/10027479841467.html,不限,350×350,0,0,0.00,0.00,0.00,0.00,0,0.00,0,0.00,0,0.00,0,0,0,0.00,0.00,0.00,推荐,
10027479841467-智能手表,3440872563,三星手表watch2,三星手表2,商品,有效,jfs/t1/168054/13/11302/111863/60473908E768598b7/d0b8925efc77dcd4.jpg,10027479841467,https://item.jd.com/10027479841467.html,不限,350×350,0,0,0.00,0.00,0.00,0.00,0,0.00,0,0.00,0,0.00,0,0,0,0.00,0.00,0.00,搜索,
10027479841467-智能手表,3440872563,三星手表watch2,三星手表2,商品,有效,jfs/t1/168054/13/11302/111863/60473908E768598b7/d0b8925efc77dcd4.jpg,10027479841467,https://item.jd.com/10027479841467.html,不限,350×350,0,0,0.00,0.00,0.00,0.00,0,0.00,0,0.00,0,0.00,0,0,0,0.00,0.00,0.00,商品,
10027479841476-智能手表,3440872562,三星手表watch2,三星手表2,商品,审核不通过,jfs/t1/161777/20/11161/121895/60473909E315424d0/3c7ad2c079025378.jpg,10027479841476,https://item.jd.com/10027479841476.html,不限,350×350,0,0,0.00,0.00,0.00,0.00,0,0.00,0,0.00,0,0.00,0,0,0,0.00,0.00,0.00,汇总,
10027479841476-智能手表,3440872562,三星手表watch2,三星手表2,商品,审核不通过,jfs/t1/161777/20/11161/121895/60473909E315424d0/3c7ad2c079025378.jpg,10027479841476,https://item.jd.com/10027479841476.html,不限,350×350,0,0,0.00,0.00,0.00,0.00,0,0.00,0,0.00,0,0.00,0,0,0,0.00,0.00,0.00,推荐,
10027479841476-智能手表,3440872562,三星手表watch2,三星手表2,商品,审核不通过,jfs/t1/161777/20/11161/121895/60473909E315424d0/3c7ad2c079025378.jpg,10027479841476,https://item.jd.com/10027479841476.html,不限,350×350,0,0,0.00,0.00,0.00,0.00,0,0.00,0,0.00,0,0.00,0,0,0,0.00,0.00,0.00,搜索,
10027479841476-智能手表,3440872562,三星手表watch2,三星手表2,商品,审核不通过,jfs/t1/161777/20/11161/121895/60473909E315424d0/3c7ad2c079025378.jpg,10027479841476,https://item.jd.com/10027479841476.html,不限,350×350,0,0,0.00,0.00,0.00,0.00,0,0.00,0,0.00,0,0.00,0,0,0,0.00,0.00,0.00,商品,
10027479841477-智能手表,3440872561,三星手表watch2,三星手表2,商品,审核不通过,jfs/t1/161777/20/11161/121895/60473909E315424d0/3c7ad2c079025378.jpg,10027479841477,https://item.jd.com/10027479841477.html,不限,350×350,0,0,0.00,0.00,0.00,0.00,0,0.00,0,0.00,0,0.00,0,0,0,0.00,0.00,0.00,汇总,
10027479841477-智能手表,3440872561,三星手表watch2,三星手表2,商品,审核不通过,jfs/t1/161777/20/11161/121895/60473909E315424d0/3c7ad2c079025378.jpg,10027479841477,https://item.jd.com/10027479841477.html,不限,350×350,0,0,0.00,0.00,0.00,0.00,0,0.00,0,0.00,0,0.00,0,0,0,0.00,0.00,0.00,推荐,
10027479841477-智能手表,3440872561,三星手表watch2,三星手表2,商品,审核不通过,jfs/t1/161777/20/11161/121895/60473909E315424d0/3c7ad2c079025378.jpg,10027479841477,https://item.jd.com/10027479841477.html,不限,350×350,0,0,0.00,0.00,0.00,0.00,0,0.00,0,0.00,0,0.00,0,0,0,0.00,0.00,0.00,搜索,
10027479841477-智能手表,3440872561,三星手表watch2,三星手表2,商品,审核不通过,jfs/t1/161777/20/11161/121895/60473909E315424d0/3c7ad2c079025378.jpg,10027479841477,https://item.jd.com/10027479841477.html,不限,350×350,0,0,0.00,0.00,0.00,0.00,0,0.00,0,0.00,0,0.00,0,0,0,0.00,0.00,0.00,商品,
10027479841474-智能手表,3440872560,三星手表watch2,三星手表2,商品,审核不通过,jfs/t1/158388/21/11638/118655/60473909E3300d383/3133023ba05c4cb2.jpg,10027479841474,https://item.jd.com/10027479841474.html,不限,350×350,0,0,0.00,0.00,0.00,0.00,0,0.00,0,0.00,0,0.00,0,0,0,0.00,0.00,0.00,汇总,
10027479841474-智能手表,3440872560,三星手表watch2,三星手表2,商品,审核不通过,jfs/t1/158388/21/11638/118655/60473909E3300d383/3133023ba05c4cb2.jpg,10027479841474,https://item.jd.com/10027479841474.html,不限,350×350,0,0,0.00,0.00,0.00,0.00,0,0.00,0,0.00,0,0.00,0,0,0,0.00,0.00,0.00,推荐,
10027479841474-智能手表,3440872560,三星手表watch2,三星手表2,商品,审核不通过,jfs/t1/158388/21/11638/118655/60473909E3300d383/3133023ba05c4cb2.jpg,10027479841474,https://item.jd.com/10027479841474.html,不限,350×350,0,0,0.00,0.00,0.00,0.00,0,0.00,0,0.00,0,0.00,0,0,0,0.00,0.00,0.00,搜索,
10027479841474-智能手表,3440872560,三星手表watch2,三星手表2,商品,审核不通过,jfs/t1/158388/21/11638/118655/60473909E3300d383/3133023ba05c4cb2.jpg,10027479841474,https://item.jd.com/10027479841474.html,不限,350×350,0,0,0.00,0.00,0.00,0.00,0,0.00,0,0.00,0,0.00,0,0,0,0.00,0.00,0.00,商品,
10027479841475-智能手表,3440872559,三星手表watch2,三星手表2,商品,审核不通过,jfs/t1/158388/21/11638/118655/60473909E3300d383/3133023ba05c4cb2.jpg,10027479841475,https://item.jd.com/10027479841475.html,不限,350×350,0,0,0.00,0.00,0.00,0.00,0,0.00,0,0.00,0,0.00,0,0,0,0.00,0.00,0.00,汇总,
10027479841475-智能手表,3440872559,三星手表watch2,三星手表2,商品,审核不通过,jfs/t1/158388/21/11638/118655/60473909E3300d383/3133023ba05c4cb2.jpg,10027479841475,https://item.jd.com/10027479841475.html,不限,350×350,0,0,0.00,0.00,0.00,0.00,0,0.00,0,0.00,0,0.00,0,0,0,0.00,0.00,0.00,推荐,
10027479841475-智能手表,3440872559,三星手表watch2,三星手表2,商品,审核不通过,jfs/t1/158388/21/11638/118655/60473909E3300d383/3133023ba05c4cb2.jpg,10027479841475,https://item.jd.com/10027479841475.html,不限,350×350,0,0,0.00,0.00,0.00,0.00,0,0.00,0,0.00,0,0.00,0,0,0,0.00,0.00,0.00,搜索,
10027479841475-智能手表,3440872559,三星手表watch2,三星手表2,商品,审核不通过,jfs/t1/158388/21/11638/118655/60473909E3300d383/3133023ba05c4cb2.jpg,10027479841475,https://item.jd.com/10027479841475.html,不限,350×350,0,0,0.00,0.00,0.00,0.00,0,0.00,0,0.00,0,0.00,0,0,0,0.00,0.00,0.00,商品,
10027479841472-智能手表,3440872558,三星手表watch2,三星手表2,商品,审核不通过,jfs/t1/158388/21/11638/118655/60473909E3300d383/3133023ba05c4cb2.jpg,10027479841472,https://item.jd.com/10027479841472.html,不限,350×350,0,0,0.00,0.00,0.00,0.00,0,0.00,0,0.00,0,0.00,0,0,0,0.00,0.00,0.00,汇总,
10027479841472-智能手表,3440872558,三星手表watch2,三星手表2,商品,审核不通过,jfs/t1/158388/21/11638/118655/60473909E3300d383/3133023ba05c4cb2.jpg,10027479841472,https://item.jd.com/10027479841472.html,不限,350×350,0,0,0.00,0.00,0.00,0.00,0,0.00,0,0.00,0,0.00,0,0,0,0.00,0.00,0.00,推荐,
10027479841472-智能手表,3440872558,三星手表watch2,三星手表2,商品,审核不通过,jfs/t1/158388/21/11638/118655/60473909E3300d383/3133023ba05c4cb2.jpg,10027479841472,https://item.jd.com/10027479841472.html,不限,350×350,0,0,0.00,0.00,0.00,0.00,0,0.00,0,0.00,0,0.00,0,0,0,0.00,0.00,0.00,搜索,
10027479841472-智能手表,3440872558,三星手表watch2,三星手表2,商品,审核不通过,jfs/t1/158388/21/11638/118655/60473909E3300d383/3133023ba05c4cb2.jpg,10027479841472,https://item.jd.com/10027479841472.html,不限,350×350,0,0,0.00,0.00,0.00,0.00,0,0.00,0,0.00,0,0.00,0,0,0,0.00,0.00,0.00,商品,
10027479841473-智能手表,3440872557,三星手表watch2,三星手表2,商品,审核不通过,jfs/t1/158388/21/11638/118655/60473909E3300d383/3133023ba05c4cb2.jpg,10027479841473,https://item.jd.com/10027479841473.html,不限,350×350,0,0,0.00,0.00,0.00,0.00,0,0.00,0,0.00,0,0.00,0,0,0,0.00,0.00,0.00,汇总,
10027479841473-智能手表,3440872557,三星手表watch2,三星手表2,商品,审核不通过,jfs/t1/158388/21/11638/118655/60473909E3300d383/3133023ba05c4cb2.jpg,10027479841473,https://item.jd.com/10027479841473.html,不限,350×350,0,0,0.00,0.00,0.00,0.00,0,0.00,0,0.00,0,0.00,0,0,0,0.00,0.00,0.00,推荐,
10027479841473-智能手表,3440872557,三星手表watch2,三星手表2,商品,审核不通过,jfs/t1/158388/21/11638/118655/60473909E3300d383/3133023ba05c4cb2.jpg,10027479841473,https://item.jd.com/10027479841473.html,不限,350×350,0,0,0.00,0.00,0.00,0.00,0,0.00,0,0.00,0,0.00,0,0,0,0.00,0.00,0.00,搜索,
10027479841473-智能手表,3440872557,三星手表watch2,三星手表2,商品,审核不通过,jfs/t1/158388/21/11638/118655/60473909E3300d383/3133023ba05c4cb2.jpg,10027479841473,https://item.jd.com/10027479841473.html,不限,350×350,0,0,0.00,0.00,0.00,0.00,0,0.00,0,0.00,0,0.00,0,0,0,0.00,0.00,0.00,商品,
10027569565741-智能手表,3440872555,三星手表watch2,三星手表2,商品,有效,jfs/t1/168190/14/10764/109467/60473908Ec521c07e/4b9ee5a27bf93682.jpg,10027569565741,https://item.jd.com/10027569565741.html,不限,350×350,0,0,0.00,0.00,0.00,0.00,0,0.00,0,0.00,0,0.00,0,0,0,0.00,0.00,0.00,汇总,
10027569565741-智能手表,3440872555,三星手表watch2,三星手表2,商品,有效,jfs/t1/168190/14/10764/109467/60473908Ec521c07e/4b9ee5a27bf93682.jpg,10027569565741,https://item.jd.com/10027569565741.html,不限,350×350,0,0,0.00,0.00,0.00,0.00,0,0.00,0,0.00,0,0.00,0,0,0,0.00,0.00,0.00,推荐,
10027569565741-智能手表,3440872555,三星手表watch2,三星手表2,商品,有效,jfs/t1/168190/14/10764/109467/60473908Ec521c07e/4b9ee5a27bf93682.jpg,10027569565741,https://item.jd.com/10027569565741.html,不限,350×350,0,0,0.00,0.00,0.00,0.00,0,0.00,0,0.00,0,0.00,0,0,0,0.00,0.00,0.00,搜索,
10027569565741-智能手表,3440872555,三星手表watch2,三星手表2,商品,有效,jfs/t1/168190/14/10764/109467/60473908Ec521c07e/4b9ee5a27bf93682.jpg,10027569565741,https://item.jd.com/10027569565741.html,不限,350×350,0,0,0.00,0.00,0.00,0.00,0,0.00,0,0.00,0,0.00,0,0,0,0.00,0.00,0.00,商品,
10027569565740-智能手表,3440872554,三星手表watch2,三星手表2,商品,有效,jfs/t1/168054/13/11302/111863/60473908E768598b7/d0b8925efc77dcd4.jpg,10027569565740,https://item.jd.com/10027569565740.html,不限,350×350,0,0,0.00,0.00,0.00,0.00,0,0.00,0,0.00,0,0.00,0,0,0,0.00,0.00,0.00,汇总,
10027569565740-智能手表,3440872554,三星手表watch2,三星手表2,商品,有效,jfs/t1/168054/13/11302/111863/60473908E768598b7/d0b8925efc77dcd4.jpg,10027569565740,https://item.jd.com/10027569565740.html,不限,350×350,0,0,0.00,0.00,0.00,0.00,0,0.00,0,0.00,0,0.00,0,0,0,0.00,0.00,0.00,推荐,
10027569565740-智能手表,3440872554,三星手表watch2,三星手表2,商品,有效,jfs/t1/168054/13/11302/111863/60473908E768598b7/d0b8925efc77dcd4.jpg,10027569565740,https://item.jd.com/10027569565740.html,不限,350×350,0,0,0.00,0.00,0.00,0.00,0,0.00,0,0.00,0,0.00,0,0,0,0.00,0.00,0.00,搜索,
10027569565740-智能手表,3440872554,三星手表watch2,三星手表2,商品,有效,jfs/t1/168054/13/11302/111863/60473908E768598b7/d0b8925efc77dcd4.jpg,10027569565740,https://item.jd.com/10027569565740.html,不限,350×350,0,0,0.00,0.00,0.00,0.00,0,0.00,0,0.00,0,0.00,0,0,0,0.00,0.00,0.00,商品,
10027569565743-智能手表,3440872553,三星手表watch2,三星手表2,商品,有效,jfs/t1/155909/33/15042/112023/6049a35bE83b74404/ae6aae3f4c67d244.jpg,10027569565743,https://item.jd.com/10027569565743.html,不限,350×350,0,0,0.00,0.00,0.00,0.00,0,0.00,0,0.00,0,0.00,0,0,0,0.00,0.00,0.00,汇总,
10027569565743-智能手表,3440872553,三星手表watch2,三星手表2,商品,有效,jfs/t1/155909/33/15042/112023/6049a35bE83b74404/ae6aae3f4c67d244.jpg,10027569565743,https://item.jd.com/10027569565743.html,不限,350×350,0,0,0.00,0.00,0.00,0.00,0,0.00,0,0.00,0,0.00,0,0,0,0.00,0.00,0.00,推荐,
10027569565743-智能手表,3440872553,三星手表watch2,三星手表2,商品,有效,jfs/t1/155909/33/15042/112023/6049a35bE83b74404/ae6aae3f4c67d244.jpg,10027569565743,https://item.jd.com/10027569565743.html,不限,350×350,0,0,0.00,0.00,0.00,0.00,0,0.00,0,0.00,0,0.00,0,0,0,0.00,0.00,0.00,搜索,
10027569565743-智能手表,3440872553,三星手表watch2,三星手表2,商品,有效,jfs/t1/155909/33/15042/112023/6049a35bE83b74404/ae6aae3f4c67d244.jpg,10027569565743,https://item.jd.com/10027569565743.html,不限,350×350,0,0,0.00,0.00,0.00,0.00,0,0.00,0,0.00,0,0.00,0,0,0,0.00,0.00,0.00,商品,
10027569565742-智能手表,3440872552,三星手表watch2,三星手表2,商品,有效,jfs/t1/166939/17/3560/108806/60473908E8e1a0eb4/4dddbf5384781ff6.jpg,10027569565742,https://item.jd.com/10027569565742.html,不限,350×350,0,0,0.00,0.00,0.00,0.00,0,0.00,0,0.00,0,0.00,0,0,0,0.00,0.00,0.00,汇总,
10027569565742-智能手表,3440872552,三星手表watch2,三星手表2,商品,有效,jfs/t1/166939/17/3560/108806/60473908E8e1a0eb4/4dddbf5384781ff6.jpg,10027569565742,https://item.jd.com/10027569565742.html,不限,350×350,0,0,0.00,0.00,0.00,0.00,0,0.00,0,0.00,0,0.00,0,0,0,0.00,0.00,0.00,推荐,
10027569565742-智能手表,3440872552,三星手表watch2,三星手表2,商品,有效,jfs/t1/166939/17/3560/108806/60473908E8e1a0eb4/4dddbf5384781ff6.jpg,10027569565742,https://item.jd.com/10027569565742.html,不限,350×350,0,0,0.00,0.00,0.00,0.00,0,0.00,0,0.00,0,0.00,0,0,0,0.00,0.00,0.00,搜索,
10027569565742-智能手表,3440872552,三星手表watch2,三星手表2,商品,有效,jfs/t1/166939/17/3560/108806/60473908E8e1a0eb4/4dddbf5384781ff6.jpg,10027569565742,https://item.jd.com/10027569565742.html,不限,350×350,0,0,0.00,0.00,0.00,0.00,0,0.00,0,0.00,0,0.00,0,0,0,0.00,0.00,0.00,商品,
10027569565745-智能手表,3440872551,三星手表watch2,三星手表2,商品,有效,jfs/t1/144041/5/14500/109644/6049a3ebEd8db8676/6ee475ab2326dd7a.jpg,10027569565745,https://item.jd.com/10027569565745.html,不限,350×350,0,0,0.00,0.00,0.00,0.00,0,0.00,0,0.00,0,0.00,0,0,0,0.00,0.00,0.00,汇总,
10027569565745-智能手表,3440872551,三星手表watch2,三星手表2,商品,有效,jfs/t1/144041/5/14500/109644/6049a3ebEd8db8676/6ee475ab2326dd7a.jpg,10027569565745,https://item.jd.com/10027569565745.html,不限,350×350,0,0,0.00,0.00,0.00,0.00,0,0.00,0,0.00,0,0.00,0,0,0,0.00,0.00,0.00,推荐,
10027569565745-智能手表,3440872551,三星手表watch2,三星手表2,商品,有效,jfs/t1/144041/5/14500/109644/6049a3ebEd8db8676/6ee475ab2326dd7a.jpg,10027569565745,https://item.jd.com/10027569565745.html,不限,350×350,0,0,0.00,0.00,0.00,0.00,0,0.00,0,0.00,0,0.00,0,0,0,0.00,0.00,0.00,搜索,
10027569565745-智能手表,3440872551,三星手表watch2,三星手表2,商品,有效,jfs/t1/144041/5/14500/109644/6049a3ebEd8db8676/6ee475ab2326dd7a.jpg,10027569565745,https://item.jd.com/10027569565745.html,不限,350×350,0,0,0.00,0.00,0.00,0.00,0,0.00,0,0.00,0,0.00,0,0,0,0.00,0.00,0.00,商品,
10027569565744-智能手表,3440872550,三星手表watch2,三星手表2,商品,有效,jfs/t1/167642/10/12177/108975/6049a3baEb3b92bdf/7d52556f9003496c.jpg,10027569565744,https://item.jd.com/10027569565744.html,不限,350×350,0,0,0.00,0.00,0.00,0.00,0,0.00,0,0.00,0,0.00,0,0,0,0.00,0.00,0.00,汇总,
10027569565744-智能手表,3440872550,三星手表watch2,三星手表2,商品,有效,jfs/t1/167642/10/12177/108975/6049a3baEb3b92bdf/7d52556f9003496c.jpg,10027569565744,https://item.jd.com/10027569565744.html,不限,350×350,0,0,0.00,0.00,0.00,0.00,0,0.00,0,0.00,0,0.00,0,0,0,0.00,0.00,0.00,推荐,
10027569565744-智能手表,3440872550,三星手表watch2,三星手表2,商品,有效,jfs/t1/167642/10/12177/108975/6049a3baEb3b92bdf/7d52556f9003496c.jpg,10027569565744,https://item.jd.com/10027569565744.html,不限,350×350,0,0,0.00,0.00,0.00,0.00,0,0.00,0,0.00,0,0.00,0,0,0,0.00,0.00,0.00,搜索,
10027569565744-智能手表,3440872550,三星手表watch2,三星手表2,商品,有效,jfs/t1/167642/10/12177/108975/6049a3baEb3b92bdf/7d52556f9003496c.jpg,10027569565744,https://item.jd.com/10027569565744.html,不限,350×350,0,0,0.00,0.00,0.00,0.00,0,0.00,0,0.00,0,0.00,0,0,0,0.00,0.00,0.00,商品,
10027569565747-智能手表,3440872548,三星手表watch2,三星手表2,商品,有效,jfs/t1/166653/40/11853/120155/6049a45dEc28b738e/b3bbe05ea03e17d9.jpg,10027569565747,https://item.jd.com/10027569565747.html,不限,350×350,0,0,0.00,0.00,0.00,0.00,0,0.00,0,0.00,0,0.00,0,0,0,0.00,0.00,0.00,汇总,
10027569565747-智能手表,3440872548,三星手表watch2,三星手表2,商品,有效,jfs/t1/166653/40/11853/120155/6049a45dEc28b738e/b3bbe05ea03e17d9.jpg,10027569565747,https://item.jd.com/10027569565747.html,不限,350×350,0,0,0.00,0.00,0.00,0.00,0,0.00,0,0.00,0,0.00,0,0,0,0.00,0.00,0.00,推荐,
10027569565747-智能手表,3440872548,三星手表watch2,三星手表2,商品,有效,jfs/t1/166653/40/11853/120155/6049a45dEc28b738e/b3bbe05ea03e17d9.jpg,10027569565747,https://item.jd.com/10027569565747.html,不限,350×350,0,0,0.00,0.00,0.00,0.00,0,0.00,0,0.00,0,0.00,0,0,0,0.00,0.00,0.00,搜索,
10027569565747-智能手表,3440872548,三星手表watch2,三星手表2,商品,有效,jfs/t1/166653/40/11853/120155/6049a45dEc28b738e/b3bbe05ea03e17d9.jpg,10027569565747,https://item.jd.com/10027569565747.html,不限,350×350,0,0,0.00,0.00,0.00,0.00,0,0.00,0,0.00,0,0.00,0,0,0,0.00,0.00,0.00,商品,
10027569565746-智能手表,3440872547,三星手表watch2,三星手表2,商品,有效,jfs/t1/165590/36/14577/118655/6049a439E1a812c2e/f4513cf3b06a43d4.jpg,10027569565746,https://item.jd.com/10027569565746.html,不限,350×350,0,0,0.00,0.00,0.00,0.00,0,0.00,0,0.00,0,0.00,0,0,0,0.00,0.00,0.00,汇总,
10027569565746-智能手表,3440872547,三星手表watch2,三星手表2,商品,有效,jfs/t1/165590/36/14577/118655/6049a439E1a812c2e/f4513cf3b06a43d4.jpg,10027569565746,https://item.jd.com/10027569565746.html,不限,350×350,0,0,0.00,0.00,0.00,0.00,0,0.00,0,0.00,0,0.00,0,0,0,0.00,0.00,0.00,推荐,
10027569565746-智能手表,3440872547,三星手表watch2,三星手表2,商品,有效,jfs/t1/165590/36/14577/118655/6049a439E1a812c2e/f4513cf3b06a43d4.jpg,10027569565746,https://item.jd.com/10027569565746.html,不限,350×350,0,0,0.00,0.00,0.00,0.00,0,0.00,0,0.00,0,0.00,0,0,0,0.00,0.00,0.00,搜索,
10027569565746-智能手表,3440872547,三星手表watch2,三星手表2,商品,有效,jfs/t1/165590/36/14577/118655/6049a439E1a812c2e/f4513cf3b06a43d4.jpg,10027569565746,https://item.jd.com/10027569565746.html,不限,350×350,0,0,0.00,0.00,0.00,0.00,0,0.00,0,0.00,0,0.00,0,0,0,0.00,0.00,0.00,商品,
10027569565748-智能手表,3440872546,三星手表watch2,三星手表2,商品,有效,jfs/t1/160103/18/12410/121895/6049a481E6e6258a4/61a53aad5df9818b.jpg,10027569565748,https://item.jd.com/10027569565748.html,不限,350×350,0,0,0.00,0.00,0.00,0.00,0,0.00,0,0.00,0,0.00,0,0,0,0.00,0.00,0.00,汇总,
10027569565748-智能手表,3440872546,三星手表watch2,三星手表2,商品,有效,jfs/t1/160103/18/12410/121895/6049a481E6e6258a4/61a53aad5df9818b.jpg,10027569565748,https://item.jd.com/10027569565748.html,不限,350×350,0,0,0.00,0.00,0.00,0.00,0,0.00,0,0.00,0,0.00,0,0,0,0.00,0.00,0.00,推荐,
10027569565748-智能手表,3440872546,三星手表watch2,三星手表2,商品,有效,jfs/t1/160103/18/12410/121895/6049a481E6e6258a4/61a53aad5df9818b.jpg,10027569565748,https://item.jd.com/10027569565748.html,不限,350×350,0,0,0.00,0.00,0.00,0.00,0,0.00,0,0.00,0,0.00,0,0,0,0.00,0.00,0.00,搜索,
10027569565748-智能手表,3440872546,三星手表watch2,三星手表2,商品,有效,jfs/t1/160103/18/12410/121895/6049a481E6e6258a4/61a53aad5df9818b.jpg,10027569565748,https://item.jd.com/10027569565748.html,不限,350×350,0,0,0.00,0.00,0.00,0.00,0,0.00,0,0.00,0,0.00,0,0,0,0.00,0.00,0.00,商品,
10027485555232-智能手表,3433615092,三星手表watch3,watch3,商品,有效,jfs/t1/167057/28/11273/137353/6047443fEeab97c99/aecab993ced53dcc.jpg,10027485555232,https://item.jd.com/10027485555232.html,不限,350×350,0,0,0.00,0.00,0.00,0.00,0,0.00,0,0.00,0,0.00,0,0,0,0.00,0.00,0.00,汇总,
10027485555232-智能手表,3433615092,三星手表watch3,watch3,商品,有效,jfs/t1/167057/28/11273/137353/6047443fEeab97c99/aecab993ced53dcc.jpg,10027485555232,https://item.jd.com/10027485555232.html,不限,350×350,0,0,0.00,0.00,0.00,0.00,0,0.00,0,0.00,0,0.00,0,0,0,0.00,0.00,0.00,推荐,
10027485555232-智能手表,3433615092,三星手表watch3,watch3,商品,有效,jfs/t1/167057/28/11273/137353/6047443fEeab97c99/aecab993ced53dcc.jpg,10027485555232,https://item.jd.com/10027485555232.html,不限,350×350,0,0,0.00,0.00,0.00,0.00,0,0.00,0,0.00,0,0.00,0,0,0,0.00,0.00,0.00,搜索,
10027485555232-智能手表,3433615092,三星手表watch3,watch3,商品,有效,jfs/t1/167057/28/11273/137353/6047443fEeab97c99/aecab993ced53dcc.jpg,10027485555232,https://item.jd.com/10027485555232.html,不限,350×350,0,0,0.00,0.00,0.00,0.00,0,0.00,0,0.00,0,0.00,0,0,0,0.00,0.00,0.00,商品,
10027485555231-智能手表,3433615088,三星手表watch3,watch3,商品,有效,jfs/t1/162585/10/11207/135263/60474429E90fdd0d9/43871b9912450017.jpg,10027485555231,https://item.jd.com/10027485555231.html,不限,350×350,0,0,0.00,0.00,0.00,0.00,0,0.00,0,0.00,0,0.00,0,0,0,0.00,0.00,0.00,汇总,
10027485555231-智能手表,3433615088,三星手表watch3,watch3,商品,有效,jfs/t1/162585/10/11207/135263/60474429E90fdd0d9/43871b9912450017.jpg,10027485555231,https://item.jd.com/10027485555231.html,不限,350×350,0,0,0.00,0.00,0.00,0.00,0,0.00,0,0.00,0,0.00,0,0,0,0.00,0.00,0.00,推荐,
10027485555231-智能手表,3433615088,三星手表watch3,watch3,商品,有效,jfs/t1/162585/10/11207/135263/60474429E90fdd0d9/43871b9912450017.jpg,10027485555231,https://item.jd.com/10027485555231.html,不限,350×350,0,0,0.00,0.00,0.00,0.00,0,0.00,0,0.00,0,0.00,0,0,0,0.00,0.00,0.00,搜索,
10027485555231-智能手表,3433615088,三星手表watch3,watch3,商品,有效,jfs/t1/162585/10/11207/135263/60474429E90fdd0d9/43871b9912450017.jpg,10027485555231,https://item.jd.com/10027485555231.html,不限,350×350,0,0,0.00,0.00,0.00,0.00,0,0.00,0,0.00,0,0.00,0,0,0,0.00,0.00,0.00,商品,
10027485555230-智能手表,3433615085,三星手表watch3,watch3,商品,有效,jfs/t1/159838/37/11966/136359/60473ffaEf788e9ee/9b66391899f7a75a.jpg,10027485555230,https://item.jd.com/10027485555230.html,不限,350×350,0,0,0.00,0.00,0.00,0.00,0,0.00,0,0.00,0,0.00,0,0,0,0.00,0.00,0.00,汇总,
10027485555230-智能手表,3433615085,三星手表watch3,watch3,商品,有效,jfs/t1/159838/37/11966/136359/60473ffaEf788e9ee/9b66391899f7a75a.jpg,10027485555230,https://item.jd.com/10027485555230.html,不限,350×350,0,0,0.00,0.00,0.00,0.00,0,0.00,0,0.00,0,0.00,0,0,0,0.00,0.00,0.00,推荐,
10027485555230-智能手表,3433615085,三星手表watch3,watch3,商品,有效,jfs/t1/159838/37/11966/136359/60473ffaEf788e9ee/9b66391899f7a75a.jpg,10027485555230,https://item.jd.com/10027485555230.html,不限,350×350,0,0,0.00,0.00,0.00,0.00,0,0.00,0,0.00,0,0.00,0,0,0,0.00,0.00,0.00,搜索,
10027485555230-智能手表,3433615085,三星手表watch3,watch3,商品,有效,jfs/t1/159838/37/11966/136359/60473ffaEf788e9ee/9b66391899f7a75a.jpg,10027485555230,https://item.jd.com/10027485555230.html,不限,350×350,0,0,0.00,0.00,0.00,0.00,0,0.00,0,0.00,0,0.00,0,0,0,0.00,0.00,0.00,商品,
10027485555229-智能手表,3433615081,三星手表watch3,watch3,商品,有效,jfs/t1/162979/29/11180/134276/60473ff9Eac36adbf/6f1db135ef5dacb0.jpg,10027485555229,https://item.jd.com/10027485555229.html,不限,350×350,0,0,0.00,0.00,0.00,0.00,0,0.00,0,0.00,0,0.00,0,0,0,0.00,0.00,0.00,汇总,
10027485555229-智能手表,3433615081,三星手表watch3,watch3,商品,有效,jfs/t1/162979/29/11180/134276/60473ff9Eac36adbf/6f1db135ef5dacb0.jpg,10027485555229,https://item.jd.com/10027485555229.html,不限,350×350,0,0,0.00,0.00,0.00,0.00,0,0.00,0,0.00,0,0.00,0,0,0,0.00,0.00,0.00,推荐,
10027485555229-智能手表,3433615081,三星手表watch3,watch3,商品,有效,jfs/t1/162979/29/11180/134276/60473ff9Eac36adbf/6f1db135ef5dacb0.jpg,10027485555229,https://item.jd.com/10027485555229.html,不限,350×350,0,0,0.00,0.00,0.00,0.00,0,0.00,0,0.00,0,0.00,0,0,0,0.00,0.00,0.00,搜索,
10027485555229-智能手表,3433615081,三星手表watch3,watch3,商品,有效,jfs/t1/162979/29/11180/134276/60473ff9Eac36adbf/6f1db135ef5dacb0.jpg,10027485555229,https://item.jd.com/10027485555229.html,不限,350×350,0,0,0.00,0.00,0.00,0.00,0,0.00,0,0.00,0,0.00,0,0,0,0.00,0.00,0.00,商品,
10027485555228-智能手表,3433615077,三星手表watch3,watch3,商品,有效,jfs/t1/160220/23/11837/128628/60473ff8E0fc0ba94/b9c55a1a6e265640.jpg,10027485555228,https://item.jd.com/10027485555228.html,不限,350×350,0,0,0.00,0.00,0.00,0.00,0,0.00,0,0.00,0,0.00,0,0,0,0.00,0.00,0.00,汇总,
10027485555228-智能手表,3433615077,三星手表watch3,watch3,商品,有效,jfs/t1/160220/23/11837/128628/60473ff8E0fc0ba94/b9c55a1a6e265640.jpg,10027485555228,https://item.jd.com/10027485555228.html,不限,350×350,0,0,0.00,0.00,0.00,0.00,0,0.00,0,0.00,0,0.00,0,0,0,0.00,0.00,0.00,推荐,
10027485555228-智能手表,3433615077,三星手表watch3,watch3,商品,有效,jfs/t1/160220/23/11837/128628/60473ff8E0fc0ba94/b9c55a1a6e265640.jpg,10027485555228,https://item.jd.com/10027485555228.html,不限,350×350,0,0,0.00,0.00,0.00,0.00,0,0.00,0,0.00,0,0.00,0,0,0,0.00,0.00,0.00,搜索,
10027485555228-智能手表,3433615077,三星手表watch3,watch3,商品,有效,jfs/t1/160220/23/11837/128628/60473ff8E0fc0ba94/b9c55a1a6e265640.jpg,10027485555228,https://item.jd.com/10027485555228.html,不限,350×350,0,0,0.00,0.00,0.00,0.00,0,0.00,0,0.00,0,0.00,0,0,0,0.00,0.00,0.00,商品,
10027485555227-智能手表,3433615070,三星手表watch3,watch3,商品,有效,jfs/t1/165794/22/10512/130369/60473ff8E09d78880/83ff618f29a05a91.jpg,10027485555227,https://item.jd.com/10027485555227.html,不限,350×350,0,0,0.00,0.00,0.00,0.00,0,0.00,0,0.00,0,0.00,0,0,0,0.00,0.00,0.00,汇总,
10027485555227-智能手表,3433615070,三星手表watch3,watch3,商品,有效,jfs/t1/165794/22/10512/130369/60473ff8E09d78880/83ff618f29a05a91.jpg,10027485555227,https://item.jd.com/10027485555227.html,不限,350×350,0,0,0.00,0.00,0.00,0.00,0,0.00,0,0.00,0,0.00,0,0,0,0.00,0.00,0.00,推荐,
10027485555227-智能手表,3433615070,三星手表watch3,watch3,商品,有效,jfs/t1/165794/22/10512/130369/60473ff8E09d78880/83ff618f29a05a91.jpg,10027485555227,https://item.jd.com/10027485555227.html,不限,350×350,0,0,0.00,0.00,0.00,0.00,0,0.00,0,0.00,0,0.00,0,0,0,0.00,0.00,0.00,搜索,
10027485555227-智能手表,3433615070,三星手表watch3,watch3,商品,有效,jfs/t1/165794/22/10512/130369/60473ff8E09d78880/83ff618f29a05a91.jpg,10027485555227,https://item.jd.com/10027485555227.html,不限,350×350,0,0,0.00,0.00,0.00,0.00,0,0.00,0,0.00,0,0.00,0,0,0,0.00,0.00,0.00,商品,
10026515763210-智能手表,3351475722,华米手表GTR2,华米手表,商品,有效,jfs/t1/157321/8/17311/137486/606c44cbE456122e4/1877010edc441f82.jpg,10026515763210,https://item.jd.com/10026515763210.html,不限,350×350,649,12,1.85,8.45,13.02,0.70,0,0.00,0,0.00,0,0.00,1,0,1,0.00,0.00,0.00,汇总,
10026515763210-智能手表,3351475722,华米手表GTR2,华米手表,商品,有效,jfs/t1/157321/8/17311/137486/606c44cbE456122e4/1877010edc441f82.jpg,10026515763210,https://item.jd.com/10026515763210.html,不限,350×350,218,4,1.83,2.22,10.18,0.56,0,0.00,0,0.00,0,0.00,1,0,1,0.00,0.00,0.00,推荐,
10026515763210-智能手表,3351475722,华米手表GTR2,华米手表,商品,有效,jfs/t1/157321/8/17311/137486/606c44cbE456122e4/1877010edc441f82.jpg,10026515763210,https://item.jd.com/10026515763210.html,不限,350×350,380,5,1.32,4.16,10.95,0.83,0,0.00,0,0.00,0,0.00,0,0,0,0.00,0.00,0.00,搜索,
10026515763210-智能手表,3351475722,华米手表GTR2,华米手表,商品,有效,jfs/t1/157321/8/17311/137486/606c44cbE456122e4/1877010edc441f82.jpg,10026515763210,https://item.jd.com/10026515763210.html,不限,350×350,51,3,5.88,2.07,40.59,0.69,0,0.00,0,0.00,0,0.00,0,0,0,0.00,0.00,0.00,商品,
10026534429796-智能手表,3351475721,华米手表GTR2,华米手表,商品,有效,jfs/t1/160489/18/21231/122663/6080dc3dE9f488aa0/d7c996ca973dd253.jpg,10026534429796,https://item.jd.com/10026534429796.html,不限,350×350,448,9,2.01,4.59,10.25,0.51,0,0.00,0,0.00,0,0.00,0,0,0,0.00,0.00,0.00,汇总,
10026534429796-智能手表,3351475721,华米手表GTR2,华米手表,商品,有效,jfs/t1/160489/18/21231/122663/6080dc3dE9f488aa0/d7c996ca973dd253.jpg,10026534429796,https://item.jd.com/10026534429796.html,不限,350×350,167,4,2.40,1.62,9.70,0.41,0,0.00,0,0.00,0,0.00,0,0,0,0.00,0.00,0.00,推荐,
10026534429796-智能手表,3351475721,华米手表GTR2,华米手表,商品,有效,jfs/t1/160489/18/21231/122663/6080dc3dE9f488aa0/d7c996ca973dd253.jpg,10026534429796,https://item.jd.com/10026534429796.html,不限,350×350,185,4,2.16,2.03,10.97,0.51,0,0.00,0,0.00,0,0.00,0,0,0,0.00,0.00,0.00,搜索,
10026534429796-智能手表,3351475721,华米手表GTR2,华米手表,商品,有效,jfs/t1/160489/18/21231/122663/6080dc3dE9f488aa0/d7c996ca973dd253.jpg,10026534429796,https://item.jd.com/10026534429796.html,不限,350×350,96,1,1.04,0.94,9.79,0.94,0,0.00,0,0.00,0,0.00,0,0,0,0.00,0.00,0.00,商品,
10026533837503-智能手表,3351475717,华米手表GTR2,华米手表,商品,有效,jfs/t1/159961/7/17241/127209/606c40b1E649c7a7a/3baf15a101c3093e.jpg,10026533837503,https://item.jd.com/10026533837503.html,不限,350×350,1315,38,2.89,26.69,20.30,0.70,0,0.00,2,1758.00,2,1758.00,1,7,8,5.26,65.87,13.35,汇总,
10026533837503-智能手表,3351475717,华米手表GTR2,华米手表,商品,有效,jfs/t1/159961/7/17241/127209/606c40b1E649c7a7a/3baf15a101c3093e.jpg,10026533837503,https://item.jd.com/10026533837503.html,不限,350×350,730,10,1.37,5.05,6.92,0.51,0,0.00,0,0.00,0,0.00,0,0,0,0.00,0.00,0.00,推荐,
10026533837503-智能手表,3351475717,华米手表GTR2,华米手表,商品,有效,jfs/t1/159961/7/17241/127209/606c40b1E649c7a7a/3baf15a101c3093e.jpg,10026533837503,https://item.jd.com/10026533837503.html,不限,350×350,223,7,3.14,5.12,22.96,0.73,0,0.00,0,0.00,0,0.00,0,0,0,0.00,0.00,0.00,搜索,
10026533837503-智能手表,3351475717,华米手表GTR2,华米手表,商品,有效,jfs/t1/159961/7/17241/127209/606c40b1E649c7a7a/3baf15a101c3093e.jpg,10026533837503,https://item.jd.com/10026533837503.html,不限,350×350,362,21,5.80,16.52,45.64,0.79,0,0.00,2,1758.00,2,1758.00,1,7,8,9.52,106.42,8.26,商品,
10024836168455-智能手表,3313092336,华为手表4X,华为手表4X,商品,有效,jfs/t1/167370/8/5015/176335/60165171E256f60f7/4ab461c79da3d6c5.jpg,10024836168455,https://item.jd.com/10024836168455.html,不限,350×350,0,0,0.00,0.00,0.00,0.00,0,0.00,0,0.00,0,0.00,0,0,0,0.00,0.00,0.00,汇总,
10024836168455-智能手表,3313092336,华为手表4X,华为手表4X,商品,有效,jfs/t1/167370/8/5015/176335/60165171E256f60f7/4ab461c79da3d6c5.jpg,10024836168455,https://item.jd.com/10024836168455.html,不限,350×350,0,0,0.00,0.00,0.00,0.00,0,0.00,0,0.00,0,0.00,0,0,0,0.00,0.00,0.00,推荐,
10024836168455-智能手表,3313092336,华为手表4X,华为手表4X,商品,有效,jfs/t1/167370/8/5015/176335/60165171E256f60f7/4ab461c79da3d6c5.jpg,10024836168455,https://item.jd.com/10024836168455.html,不限,350×350,0,0,0.00,0.00,0.00,0.00,0,0.00,0,0.00,0,0.00,0,0,0,0.00,0.00,0.00,搜索,
10024836168455-智能手表,3313092336,华为手表4X,华为手表4X,商品,有效,jfs/t1/167370/8/5015/176335/60165171E256f60f7/4ab461c79da3d6c5.jpg,10024836168455,https://item.jd.com/10024836168455.html,不限,350×350,0,0,0.00,0.00,0.00,0.00,0,0.00,0,0.00,0,0.00,0,0,0,0.00,0.00,0.00,商品,
10023608306322-智能手表,3313092335,华为手表4X,华为手表4X,商品,有效,jfs/t1/160509/10/5093/187680/60165169E920a1b0e/3da9843576eddd28.jpg,10023608306322,https://item.jd.com/10023608306322.html,不限,350×350,0,0,0.00,0.00,0.00,0.00,0,0.00,0,0.00,0,0.00,0,0,0,0.00,0.00,0.00,汇总,
10023608306322-智能手表,3313092335,华为手表4X,华为手表4X,商品,有效,jfs/t1/160509/10/5093/187680/60165169E920a1b0e/3da9843576eddd28.jpg,10023608306322,https://item.jd.com/10023608306322.html,不限,350×350,0,0,0.00,0.00,0.00,0.00,0,0.00,0,0.00,0,0.00,0,0,0,0.00,0.00,0.00,推荐,
10023608306322-智能手表,3313092335,华为手表4X,华为手表4X,商品,有效,jfs/t1/160509/10/5093/187680/60165169E920a1b0e/3da9843576eddd28.jpg,10023608306322,https://item.jd.com/10023608306322.html,不限,350×350,0,0,0.00,0.00,0.00,0.00,0,0.00,0,0.00,0,0.00,0,0,0,0.00,0.00,0.00,搜索,
10023608306322-智能手表,3313092335,华为手表4X,华为手表4X,商品,有效,jfs/t1/160509/10/5093/187680/60165169E920a1b0e/3da9843576eddd28.jpg,10023608306322,https://item.jd.com/10023608306322.html,不限,350×350,0,0,0.00,0.00,0.00,0.00,0,0.00,0,0.00,0,0.00,0,0,0,0.00,0.00,0.00,商品,
10023608306323-智能手表,3313092334,华为手表4X,华为手表4X,商品,有效,jfs/t1/155709/7/8195/175829/60165171E3b9335ab/d4cbd8bf127442d6.jpg,10023608306323,https://item.jd.com/10023608306323.html,不限,350×350,0,0,0.00,0.00,0.00,0.00,0,0.00,0,0.00,0,0.00,0,0,0,0.00,0.00,0.00,汇总,
10023608306323-智能手表,3313092334,华为手表4X,华为手表4X,商品,有效,jfs/t1/155709/7/8195/175829/60165171E3b9335ab/d4cbd8bf127442d6.jpg,10023608306323,https://item.jd.com/10023608306323.html,不限,350×350,0,0,0.00,0.00,0.00,0.00,0,0.00,0,0.00,0,0.00,0,0,0,0.00,0.00,0.00,推荐,
10023608306323-智能手表,3313092334,华为手表4X,华为手表4X,商品,有效,jfs/t1/155709/7/8195/175829/60165171E3b9335ab/d4cbd8bf127442d6.jpg,10023608306323,https://item.jd.com/10023608306323.html,不限,350×350,0,0,0.00,0.00,0.00,0.00,0,0.00,0,0.00,0,0.00,0,0,0,0.00,0.00,0.00,搜索,
10023608306323-智能手表,3313092334,华为手表4X,华为手表4X,商品,有效,jfs/t1/155709/7/8195/175829/60165171E3b9335ab/d4cbd8bf127442d6.jpg,10023608306323,https://item.jd.com/10023608306323.html,不限,350×350,0,0,0.00,0.00,0.00,0.00,0,0.00,0,0.00,0,0.00,0,0,0,0.00,0.00,0.00,商品,
10026336294625-耳机/耳麦,3260626245,三星耳机,三星耳机新品,商品,有效,jfs/t1/160714/23/3366/139548/60055cb4E0b07deef/3d8a61bcd8d69799.jpg,10026336294625,https://item.jd.com/10026336294625.html,不限,350×350,430,9,2.09,16.08,37.40,1.79,0,0.00,0,0.00,0,0.00,0,0,0,0.00,0.00,0.00,汇总,
10026336294625-耳机/耳麦,3260626245,三星耳机,三星耳机新品,商品,有效,jfs/t1/160714/23/3366/139548/60055cb4E0b07deef/3d8a61bcd8d69799.jpg,10026336294625,https://item.jd.com/10026336294625.html,不限,350×350,71,0,0.00,0.00,0.00,0.00,0,0.00,0,0.00,0,0.00,0,0,0,0.00,0.00,0.00,推荐,
10026336294625-耳机/耳麦,3260626245,三星耳机,三星耳机新品,商品,有效,jfs/t1/160714/23/3366/139548/60055cb4E0b07deef/3d8a61bcd8d69799.jpg,10026336294625,https://item.jd.com/10026336294625.html,不限,350×350,146,6,4.11,11.75,80.48,1.96,0,0.00,0,0.00,0,0.00,0,0,0,0.00,0.00,0.00,搜索,
10026336294625-耳机/耳麦,3260626245,三星耳机,三星耳机新品,商品,有效,jfs/t1/160714/23/3366/139548/60055cb4E0b07deef/3d8a61bcd8d69799.jpg,10026336294625,https://item.jd.com/10026336294625.html,不限,350×350,213,3,1.41,4.33,20.33,1.44,0,0.00,0,0.00,0,0.00,0,0,0,0.00,0.00,0.00,商品,
10026336294624-耳机/耳麦,3260626244,三星耳机,三星耳机新品,商品,有效,jfs/t1/163418/31/3281/138006/60055caeE251dc2e4/1d8eb1b1b7f1df5b.jpg,10026336294624,https://item.jd.com/10026336294624.html,不限,350×350,74,2,2.70,2.73,36.89,1.37,0,0.00,0,0.00,0,0.00,1,0,1,0.00,0.00,0.00,汇总,
10026336294624-耳机/耳麦,3260626244,三星耳机,三星耳机新品,商品,有效,jfs/t1/163418/31/3281/138006/60055caeE251dc2e4/1d8eb1b1b7f1df5b.jpg,10026336294624,https://item.jd.com/10026336294624.html,不限,350×350,28,0,0.00,0.00,0.00,0.00,0,0.00,0,0.00,0,0.00,0,0,0,0.00,0.00,0.00,推荐,
10026336294624-耳机/耳麦,3260626244,三星耳机,三星耳机新品,商品,有效,jfs/t1/163418/31/3281/138006/60055caeE251dc2e4/1d8eb1b1b7f1df5b.jpg,10026336294624,https://item.jd.com/10026336294624.html,不限,350×350,6,1,16.67,1.76,293.33,1.76,0,0.00,0,0.00,0,0.00,1,0,1,0.00,0.00,0.00,搜索,
10026336294624-耳机/耳麦,3260626244,三星耳机,三星耳机新品,商品,有效,jfs/t1/163418/31/3281/138006/60055caeE251dc2e4/1d8eb1b1b7f1df5b.jpg,10026336294624,https://item.jd.com/10026336294624.html,不限,350×350,40,1,2.50,0.97,24.25,0.97,0,0.00,0,0.00,0,0.00,0,0,0,0.00,0.00,0.00,商品,
10026336294623-耳机/耳麦,3260626242,三星耳机,三星耳机新品,商品,有效,jfs/t1/170524/2/3304/136637/60055ca8E2aa1bae8/004ca0da6d742e57.jpg,10026336294623,https://item.jd.com/10026336294623.html,不限,350×350,676,11,1.63,23.86,35.30,2.17,0,0.00,0,0.00,0,0.00,0,0,0,0.00,0.00,0.00,汇总,
10026336294623-耳机/耳麦,3260626242,三星耳机,三星耳机新品,商品,有效,jfs/t1/170524/2/3304/136637/60055ca8E2aa1bae8/004ca0da6d742e57.jpg,10026336294623,https://item.jd.com/10026336294623.html,不限,350×350,46,3,6.52,2.04,44.35,0.68,0,0.00,0,0.00,0,0.00,0,0,0,0.00,0.00,0.00,推荐,
10026336294623-耳机/耳麦,3260626242,三星耳机,三星耳机新品,商品,有效,jfs/t1/170524/2/3304/136637/60055ca8E2aa1bae8/004ca0da6d742e57.jpg,10026336294623,https://item.jd.com/10026336294623.html,不限,350×350,465,4,0.86,15.78,33.94,3.95,0,0.00,0,0.00,0,0.00,0,0,0,0.00,0.00,0.00,搜索,
10026336294623-耳机/耳麦,3260626242,三星耳机,三星耳机新品,商品,有效,jfs/t1/170524/2/3304/136637/60055ca8E2aa1bae8/004ca0da6d742e57.jpg,10026336294623,https://item.jd.com/10026336294623.html,不限,350×350,165,4,2.42,6.04,36.61,1.51,0,0.00,0,0.00,0,0.00,0,0,0,0.00,0.00,0.00,商品,
71812526841-智能手表,2997978581,小米手表,小米手表,商品,有效,jfs/t1/121964/13/12614/53516/5f608b63Edf466dd0/f5386f77fd63ddf4.jpg,71812526841,https://item.jd.com/71812526841.html,不限,350×350,889,28,3.15,5.95,6.69,0.21,0,0.00,0,0.00,0,0.00,1,0,1,0.00,0.00,0.00,汇总,
71812526841-智能手表,2997978581,小米手表,小米手表,商品,有效,jfs/t1/121964/13/12614/53516/5f608b63Edf466dd0/f5386f77fd63ddf4.jpg,71812526841,https://item.jd.com/71812526841.html,不限,350×350,600,13,2.17,3.53,5.88,0.27,0,0.00,0,0.00,0,0.00,1,0,1,0.00,0.00,0.00,推荐,
71812526841-智能手表,2997978581,小米手表,小米手表,商品,有效,jfs/t1/121964/13/12614/53516/5f608b63Edf466dd0/f5386f77fd63ddf4.jpg,71812526841,https://item.jd.com/71812526841.html,不限,350×350,251,14,5.58,2.31,9.20,0.17,0,0.00,0,0.00,0,0.00,0,0,0,0.00,0.00,0.00,搜索,
71812526841-智能手表,2997978581,小米手表,小米手表,商品,有效,jfs/t1/121964/13/12614/53516/5f608b63Edf466dd0/f5386f77fd63ddf4.jpg,71812526841,https://item.jd.com/71812526841.html,不限,350×350,38,1,2.63,0.11,2.89,0.11,0,0.00,0,0.00,0,0.00,0,0,0,0.00,0.00,0.00,商品,
71812526840-智能手表,2997978580,小米手表,小米手表,商品,有效,jfs/t1/128808/25/12595/53418/5f608b73Ecfb111d8/545e69f2db62ce68.jpg,71812526840,https://item.jd.com/71812526840.html,不限,350×350,0,0,0.00,0.00,0.00,0.00,0,0.00,0,0.00,0,0.00,0,0,0,0.00,0.00,0.00,汇总,
71812526840-智能手表,2997978580,小米手表,小米手表,商品,有效,jfs/t1/128808/25/12595/53418/5f608b73Ecfb111d8/545e69f2db62ce68.jpg,71812526840,https://item.jd.com/71812526840.html,不限,350×350,0,0,0.00,0.00,0.00,0.00,0,0.00,0,0.00,0,0.00,0,0,0,0.00,0.00,0.00,推荐,
71812526840-智能手表,2997978580,小米手表,小米手表,商品,有效,jfs/t1/128808/25/12595/53418/5f608b73Ecfb111d8/545e69f2db62ce68.jpg,71812526840,https://item.jd.com/71812526840.html,不限,350×350,0,0,0.00,0.00,0.00,0.00,0,0.00,0,0.00,0,0.00,0,0,0,0.00,0.00,0.00,搜索,
71812526840-智能手表,2997978580,小米手表,小米手表,商品,有效,jfs/t1/128808/25/12595/53418/5f608b73Ecfb111d8/545e69f2db62ce68.jpg,71812526840,https://item.jd.com/71812526840.html,不限,350×350,0,0,0.00,0.00,0.00,0.00,0,0.00,0,0.00,0,0.00,0,0,0,0.00,0.00,0.00,商品,
